network,kidney_side,class_id,metric,n_pairs,baseline_mean,condlr_mean,mean_delta,median_delta,wilcoxon_W,p_value,effect_size_r,holm_adjusted_p,significant_005
swinunetr,left_kidney,4,Dice,39,0.93370155629117,0.9588299449680531,0.02512838867688309,0.0036477238428881398,27.0,4.58749127574265e-09,0.8111554632308001,3.211243893019855e-08,True
swinunetr,left_kidney,4,HD95,39,15.022747942835508,3.324596744052869,-11.698151198782641,-0.4266373700475796,64.0,1.4423899663484504e-05,0.728475705270636,7.211949831742251e-05,True
swinunetr,right_kidney,5,Dice,39,0.9346714989287574,0.9631598314328562,0.028488332504098875,0.006086596938366551,14.0,4.001776687800884e-10,0.8402051079195064,3.2014213502407074e-09,True
swinunetr,right_kidney,5,HD95,39,17.391666870594282,2.557134042971154,-14.834532827623125,-0.5082100536240932,33.0,9.854693681337492e-07,0.7977479349129356,5.912816208802496e-06,True
nnunet_2d,left_kidney,4,Dice,39,0.9261545182160682,0.9316861477983489,0.0055316295822807416,-0.002804628385531749,307.0,0.25271353702191846,0.18547080839712507,0.942773655813653,False
nnunet_2d,left_kidney,4,HD95,39,23.668284353547104,23.76086111198591,0.09257675843880901,0.32307586831104795,329.0,0.5472776901669683,0.13630987123162205,1.0,False
nnunet_2d,right_kidney,5,Dice,39,0.9228092929163537,0.9286537538939876,0.005844460977633708,-0.002009687968582141,304.0,0.23569341395341326,0.1921745725560573,0.942773655813653,False
nnunet_2d,right_kidney,5,HD95,39,25.952913291499755,22.74637718016359,-3.2065361113361615,0.0,328.0,0.5376657124098871,0.13854445928459946,1.0,False
